
INSERT INTO [LedgerAccounts] (
    [Id], [AccountCode], [AccountName], [AccountType], [AccountGroup],
    [ParentAccountId], [OpeningBalance], [IsActive], [CreatedDate], [CreatedBy],
    [ModifiedDate], [ModifiedBy], [DeletedDate], [DeletedBy], [IsDeleted], [IsTemporary]
)
VALUES
('27af57e4-7149-4c06-8866-3bf027a72a7e', 5100, 'Cost of Goods Sold', 5, 7, NULL, 0.00, 1, '2025-08-20 12:59:28', 'a29de04b-8668-4510-8107-13b7d5869736', '2025-08-20 12:59:28', 'a29de04b-8668-4510-8107-13b7d5869736', NULL, NULL, 0, 0),
('428eddfc-e5ba-407e-9116-5c4df0abeb75', 2100, 'Accounts Payable', 2, 3, NULL, 0.00, 1, '2025-08-20 12:59:28', 'a29de04b-8668-4510-8107-13b7d5869736', '2025-08-20 12:59:28', 'a29de04b-8668-4510-8107-13b7d5869736', NULL, NULL, 0, 0),
('1cbe22f5-0297-457c-a1f2-67ff83823124', 4200, 'Discount Received', 4, 6, NULL, 0.00, 1, '2025-08-20 12:59:28', 'a29de04b-8668-4510-8107-13b7d5869736', '2025-08-20 12:59:28', 'a29de04b-8668-4510-8107-13b7d5869736', NULL, NULL, 0, 0),
('1b013771-c726-4d24-a9f8-874082017cff', 5300, 'General Expense', 5, 8, NULL, 0.00, 1, '2025-08-20 12:59:28', 'a29de04b-8668-4510-8107-13b7d5869736', '2025-08-20 12:59:28', 'a29de04b-8668-4510-8107-13b7d5869736', NULL, NULL, 0, 0),
('8c1d1100-4ac9-4e68-b879-a29629587a0a', 5900, 'Round Off', 5, 8, NULL, 0.00, 1, '2025-08-20 12:59:28', 'a29de04b-8668-4510-8107-13b7d5869736', '2025-08-20 12:59:28', 'a29de04b-8668-4510-8107-13b7d5869736', NULL, NULL, 0, 0),
('0ad595a7-080b-49d4-845d-aafd5e1f78a2', 4100, 'Sales Revenue', 4, 6, NULL, 0.00, 1, '2025-08-20 12:59:28', 'a29de04b-8668-4510-8107-13b7d5869736', '2025-08-20 12:59:28', 'a29de04b-8668-4510-8107-13b7d5869736', NULL, NULL, 0, 0),
('1e91d862-f1dc-4f22-bec6-c5763f6763e0', 1050, 'Cash', 1, 1, NULL, 0.00, 1, '2025-08-20 12:59:28', 'a29de04b-8668-4510-8107-13b7d5869736', '2025-08-20 12:59:28', 'a29de04b-8668-4510-8107-13b7d5869736', NULL, NULL, 0, 0),
('fae7422a-0938-428c-8734-cb3b9357be41', 1100, 'Accounts Receivable', 1, 1, NULL, 0.00, 1, '2025-08-20 12:59:28', 'a29de04b-8668-4510-8107-13b7d5869736', '2025-08-20 12:59:28', 'a29de04b-8668-4510-8107-13b7d5869736', NULL, NULL, 0, 0),
('3420e09b-5dd4-444a-b3f8-cf690cc348b7', 5200, 'Discount Given', 5, 8, NULL, 0.00, 1, '2025-08-20 12:59:28', 'a29de04b-8668-4510-8107-13b7d5869736', '2025-08-20 12:59:28', 'a29de04b-8668-4510-8107-13b7d5869736', NULL, NULL, 0, 0),
('ab62cef1-08af-42e5-8ae4-d67c52499229', 1200, 'Inventory', 1, 1, NULL, 0.00, 1, '2025-08-20 12:59:28', 'a29de04b-8668-4510-8107-13b7d5869736', '2025-08-20 12:59:28', 'a29de04b-8668-4510-8107-13b7d5869736', NULL, NULL, 0, 0),
('23e28928-b8c5-4f60-a87f-e48826593559', 1060, 'Bank', 1, 1, NULL, 0.00, 1, '2025-08-20 12:59:28', 'a29de04b-8668-4510-8107-13b7d5869736', '2025-08-20 12:59:28', 'a29de04b-8668-4510-8107-13b7d5869736', NULL, NULL, 0, 0),
('abaffd82-7033-4a1c-beee-e6eb9b7c4b14', 4150, 'Sales Return', 4, 6, NULL, 0.00, 1, '2025-08-20 12:59:28', 'a29de04b-8668-4510-8107-13b7d5869736', '2025-08-20 12:59:28', 'a29de04b-8668-4510-8107-13b7d5869736', NULL, NULL, 0, 0),
('cfbadc9a-a16b-4643-96ff-f729dc64b283', 5400, 'Stock Adjustment(Loss)', 5, 8, NULL, 0.00, 1, '2025-08-20 12:59:28', 'a29de04b-8668-4510-8107-13b7d5869736', '2025-08-20 12:59:28', 'a29de04b-8668-4510-8107-13b7d5869736', NULL, NULL, 0, 0),
('7ee6a702-b16d-4c8d-a9ee-66baecc6ec0e', 5401, 'Stock Adjustment(Gain)', 4, 6, NULL, 0.00, 1, '2025-08-20 12:59:28', 'a29de04b-8668-4510-8107-13b7d5869736', '2025-08-20 12:59:28', 'a29de04b-8668-4510-8107-13b7d5869736', NULL, NULL, 0, 0),
('fa980b97-9300-4bde-98b5-ec0bde128a2f', 2150, 'Output Tax', 2, 3, NULL, 0.00, 1, '2025-08-20 12:59:28', 'a29de04b-8668-4510-8107-13b7d5869736', '2025-08-20 12:59:28', 'a29de04b-8668-4510-8107-13b7d5869736', NULL, NULL, 0, 0),
('d4eb2f17-56e7-4ec1-9afb-8dcf533d280e', 1150, 'Input Tax ', 1, 1, NULL, 0.00, 1, '2025-08-20 12:59:28', 'a29de04b-8668-4510-8107-13b7d5869736', '2025-08-20 12:59:28', 'a29de04b-8668-4510-8107-13b7d5869736', NULL, NULL, 0, 0),
('f34ce8b8-bad5-4c38-fd46-08dde071c9a1', 1151, 'Input Tax - Sales Tax', 1, 1, 'd4eb2f17-56e7-4ec1-9afb-8dcf533d280e', 0.00, 1, '2025-08-21 05:15:47', 'a29de04b-8668-4510-8107-13b7d5869736', '2025-08-21 05:15:47', 'a29de04b-8668-4510-8107-13b7d5869736', NULL, NULL, 0, 0),
('8ac9157b-fad0-4f36-fd47-08dde071c9a1', 2151, 'Output Tax - Sales Tax', 2, 3, 'fa980b97-9300-4bde-98b5-ec0bde128a2f', 0.00, 1, '2025-08-21 05:15:47', 'a29de04b-8668-4510-8107-13b7d5869736', '2025-08-21 05:15:47', 'a29de04b-8668-4510-8107-13b7d5869736', NULL, NULL, 0, 0),
('67acdbe0-fa5a-4c26-fd48-08dde071c9a1', 1152, 'Input Tax- SGST', 1, 1, 'd4eb2f17-56e7-4ec1-9afb-8dcf533d280e', 0.00, 1, '2025-08-21 05:16:03', 'a29de04b-8668-4510-8107-13b7d5869736', '2025-08-21 05:16:03', 'a29de04b-8668-4510-8107-13b7d5869736', NULL, NULL, 0, 0),
('84aefdf7-14e3-4b6a-fd49-08dde071c9a1', 2152, 'Output Tax- SGST', 2, 3, 'fa980b97-9300-4bde-98b5-ec0bde128a2f', 0.00, 1, '2025-08-21 05:16:03', 'a29de04b-8668-4510-8107-13b7d5869736', '2025-08-21 05:16:03', 'a29de04b-8668-4510-8107-13b7d5869736', NULL, NULL, 0, 0),
('08f6d89f-d7dc-41cc-fd4a-08dde071c9a1', 1153, 'Input Tax- CGST', 1, 1, 'd4eb2f17-56e7-4ec1-9afb-8dcf533d280e', 0.00, 1, '2025-08-21 05:16:18', 'a29de04b-8668-4510-8107-13b7d5869736', '2025-08-21 05:16:18', 'a29de04b-8668-4510-8107-13b7d5869736', NULL, NULL, 0, 0),
('9ca08f06-fab8-4750-fd4b-08dde071c9a1', 2153, 'Output Tax- CGST', 2, 3, 'fa980b97-9300-4bde-98b5-ec0bde128a2f', 0.00, 1, '2025-08-21 05:16:18', 'a29de04b-8668-4510-8107-13b7d5869736', '2025-08-21 05:16:18', 'a29de04b-8668-4510-8107-13b7d5869736', NULL, NULL, 0, 0),
('b85ee810-8eea-4d66-fd4c-08dde071c9a1', 1154, 'Input Tax- Excise Tax', 1, 1, 'd4eb2f17-56e7-4ec1-9afb-8dcf533d280e', 0.00, 1, '2025-08-21 05:16:29', 'a29de04b-8668-4510-8107-13b7d5869736', '2025-08-21 05:16:29', 'a29de04b-8668-4510-8107-13b7d5869736', NULL, NULL, 0, 0),
('57b1a900-b5cd-4b54-fd4d-08dde071c9a1', 2154, 'Output Tax- Excise Tax', 2, 3, 'fa980b97-9300-4bde-98b5-ec0bde128a2f', 0.00, 1, '2025-08-21 05:16:29', 'a29de04b-8668-4510-8107-13b7d5869736', '2025-08-21 05:16:29', 'a29de04b-8668-4510-8107-13b7d5869736', NULL, NULL, 0, 0),
('d708262b-0554-4cf0-9da9-9027e4410998', 3100, 'Income Summary', 3, 5, NULL, 0.00, 1, '2025-08-21 05:16:29', 'a29de04b-8668-4510-8107-13b7d5869736', '2025-08-21 05:16:29', 'a29de04b-8668-4510-8107-13b7d5869736', NULL, NULL, 0, 1),
('607555af-54b0-4301-a71f-cc1de994665e', 3200, 'Retained Earnings', 3, 5, NULL, 0.00, 1, '2025-08-21 05:16:29', 'a29de04b-8668-4510-8107-13b7d5869736', '2025-08-21 05:16:29', 'a29de04b-8668-4510-8107-13b7d5869736', NULL, NULL, 0, 0),
('5afe1c34-10c7-401a-9d62-4b73bc2064a4', 6100, 'Salary Expense', 5, 8, NULL, 0.00, 1, '2025-08-20 12:59:28', 'a29de04b-8668-4510-8107-13b7d5869736', '2025-08-20 12:59:28', 'a29de04b-8668-4510-8107-13b7d5869736', NULL, NULL, 0, 0),
('0069d626-7de5-40fb-858b-510da1899a94', 6110, 'Bonus Expense', 5, 8, NULL, 0.00, 1, '2025-08-20 12:59:28', 'a29de04b-8668-4510-8107-13b7d5869736', '2025-08-20 12:59:28', 'a29de04b-8668-4510-8107-13b7d5869736', NULL, NULL, 0, 0),
('53adfb2a-bff2-4335-b5f8-a3abbbe6a509', 6120, 'Commission Expense', 5, 8, NULL, 0.00, 1, '2025-08-20 12:59:28', 'a29de04b-8668-4510-8107-13b7d5869736', '2025-08-20 12:59:28', 'a29de04b-8668-4510-8107-13b7d5869736', NULL, NULL, 0, 0),
('45d14989-6133-42a9-8e04-bf58577bc6e3', 6130, 'Festival Bonus Expense', 5, 8, NULL, 0.00, 1, '2025-08-20 12:59:28', 'a29de04b-8668-4510-8107-13b7d5869736', '2025-08-20 12:59:28', 'a29de04b-8668-4510-8107-13b7d5869736', NULL, NULL, 0, 0),
('33fb4ee7-7dde-4c56-8b08-641128433bd7', 6140, 'Travel Allowance Expense', 5, 8, NULL, 0.00, 1, '2025-08-20 12:59:28', 'a29de04b-8668-4510-8107-13b7d5869736', '2025-08-20 12:59:28', 'a29de04b-8668-4510-8107-13b7d5869736', NULL, NULL, 0, 0),
('ecd1d6b0-4030-4157-8bdb-6bd935685823', 6150, 'Mobile Bill Expense', 5, 8, NULL, 0.00, 1, '2025-08-20 12:59:28', 'a29de04b-8668-4510-8107-13b7d5869736', '2025-08-20 12:59:28', 'a29de04b-8668-4510-8107-13b7d5869736', NULL, NULL, 0, 0),
('dc4e3e4a-a91c-458b-8470-f05f1b02fa18', 6160, 'Food Bill Expense', 5, 8, NULL, 0.00, 1, '2025-08-20 12:59:28', 'a29de04b-8668-4510-8107-13b7d5869736', '2025-08-20 12:59:28', 'a29de04b-8668-4510-8107-13b7d5869736', NULL, NULL, 0, 0),
('a7d0730e-12fd-432a-9d45-ea58054698b3', 6170, 'Advance Salary Expense', 5, 8, NULL, 0.00, 1, '2025-08-20 12:59:28', 'a29de04b-8668-4510-8107-13b7d5869736', '2025-08-20 12:59:28', 'a29de04b-8668-4510-8107-13b7d5869736', NULL, NULL, 0, 0),
('e488870f-5540-42a5-afb1-4d808f8d10fe', 6190, 'Other Staff Expense', 5, 8, NULL, 0.00, 1, '2025-08-20 12:59:28', 'a29de04b-8668-4510-8107-13b7d5869736', '2025-08-20 12:59:28', 'a29de04b-8668-4510-8107-13b7d5869736', NULL, NULL, 0, 0),
('425ba291-bd22-41c6-85f7-430bffdad6d9', 2200, 'Salary Payable', 2, 3, NULL, 0.00, 1, '2025-08-20 12:59:28', 'a29de04b-8668-4510-8107-13b7d5869736', '2025-08-20 12:59:28', 'a29de04b-8668-4510-8107-13b7d5869736', NULL, NULL, 0, 0),
('a08c1bf7-4251-4724-85a6-955650108486', 5555, 'Opening Balance Adjustment', 3, 5, NULL, 0.00, 1, '2025-08-20 12:59:28', 'a29de04b-8668-4510-8107-13b7d5869736', '2025-08-20 12:59:28', 'a29de04b-8668-4510-8107-13b7d5869736', NULL, NULL, 0, 0);

UPDATE Taxes SET InPutAccountCode = 1151, OutPutAccountCode = 2151,ModifiedDate = '2025-08-21 13:00:00',ModifiedBy = 'a29de04b-8668-4510-8107-13b7d5869736' WHERE Id = 'fd3e34a9-a5e2-4e18-aed3-326cea175437';
UPDATE Taxes SET InPutAccountCode = 1152,OutPutAccountCode = 2152,ModifiedDate = '2025-08-21 13:00:00', ModifiedBy = 'a29de04b-8668-4510-8107-13b7d5869736' WHERE Id = '7f6fa7f1-7af8-42bc-aab9-3460c8d752bd';
UPDATE Taxes SET InPutAccountCode = 1153,OutPutAccountCode = 2153,ModifiedDate = '2025-08-21 13:00:00', ModifiedBy = 'a29de04b-8668-4510-8107-13b7d5869736' WHERE Id = '2b9972d1-300e-45b0-93e4-6d47cea9991c';
UPDATE Taxes SET  InPutAccountCode = 1154,OutPutAccountCode = 2154, ModifiedDate = '2025-08-21 13:00:00',ModifiedBy = 'a29de04b-8668-4510-8107-13b7d5869736' WHERE Id = '5c698e75-4dfc-408e-9318-c24a69530532';

INSERT INTO [FinancialYears] ([Id], [StartDate], [EndDate], [IsClosed], [ClosedDate], [ClosedBy])
VALUES
('b0cf33cc-f73d-4ab9-ac1b-ab4bd7e8df15', '2024-01-01', '2025-12-31', 1, NULL, 'a29de04b-8668-4510-8107-13b7d5869736'),
('98122996-1da5-4131-b8c6-ec0ce9edbaca', '2025-01-01', '2026-12-31', 0, NULL, '00000000-0000-0000-0000-000000000000');

INSERT INTO Pages(id,[Name],[Order],CreatedBy,ModifiedBy,DeletedBy,IsDeleted,CreatedDate,ModifiedDate,DeletedDate) VALUES 
('7949e1b6-f0f0-48ed-a81e-de3fff3769e7','Accounting',9,'a29de04b-8668-4510-8107-13b7d5869736','a29de04b-8668-4510-8107-13b7d5869736',NULL,0,'2025-02-04 07:04:26','2025-02-04 07:04:26',NULL)
,('ba4fcf1c-4a07-4085-8b11-aa9d79898634','Pay Roll',10,'a29de04b-8668-4510-8107-13b7d5869736','a29de04b-8668-4510-8107-13b7d5869736',NULL,0,'2025-02-04 07:04:26','2025-02-04 07:04:26',NULL);

INSERT INTO Actions(id,[Name],[Order],PageId,Code,CreatedBy,ModifiedBy,DeletedBy,IsDeleted,CreatedDate,ModifiedDate,DeletedDate) VALUES 
('3226d6f0-1289-41bb-b84e-ce3e3dd4394a','View Ledger Accounts',3,'7949e1b6-f0f0-48ed-a81e-de3fff3769e7','ACCOUNTING_VIEW_LEDGER_ACCOUNTS','a29de04b-8668-4510-8107-13b7d5869736','a29de04b-8668-4510-8107-13b7d5869736',NULL,0,'2025-02-04 07:04:26','2025-02-04 07:04:26',NULL)
,('8a19c977-7e82-4ae7-bb04-38b3c5c19934','Manage Opening Balance',4,'7949e1b6-f0f0-48ed-a81e-de3fff3769e7','MANAGE_OPENING_BALANCE','a29de04b-8668-4510-8107-13b7d5869736','a29de04b-8668-4510-8107-13b7d5869736',NULL,0,'2025-02-04 07:04:26','2025-02-04 07:04:26',NULL)
,('759fa7b1-a833-4751-927d-088e1884c05a','View Financial Years',5,'7949e1b6-f0f0-48ed-a81e-de3fff3769e7','ACCOUNTING_VIEW_FINANCIAL_YEARS','a29de04b-8668-4510-8107-13b7d5869736','a29de04b-8668-4510-8107-13b7d5869736',NULL,0,'2025-02-04 07:04:26','2025-02-04 07:04:26',NULL)
,('d378144a-624d-4ee9-8a2a-f09fae981cae','Manage Financial Year',6,'7949e1b6-f0f0-48ed-a81e-de3fff3769e7','ACCOUNTING_MANAGE_FINANCIAL_YEAR','a29de04b-8668-4510-8107-13b7d5869736','a29de04b-8668-4510-8107-13b7d5869736',NULL,0,'2025-02-04 07:04:26','2025-02-04 07:04:26',NULL)
,('102b3b88-f3eb-4ed9-84b1-42219b612448','View Transactions',7,'7949e1b6-f0f0-48ed-a81e-de3fff3769e7','ACCOUNTING_VIEW_TRANSACTIONS','a29de04b-8668-4510-8107-13b7d5869736','a29de04b-8668-4510-8107-13b7d5869736',NULL,0,'2025-02-04 07:04:26','2025-02-04 07:04:26',NULL)
,('f13cd67a-54de-4d37-8ba0-88f0c24b0cfd','View Profit/Loss Report',8,'7949e1b6-f0f0-48ed-a81e-de3fff3769e7','ACCOUNTING_VIEW_PROFIT_LOSS_REPORT','a29de04b-8668-4510-8107-13b7d5869736','a29de04b-8668-4510-8107-13b7d5869736',NULL,0,'2025-02-04 07:04:26','2025-02-04 07:04:26',NULL)
,('624ffcea-7177-4576-a413-c9526e61b0d4','View Tax Report',9,'7949e1b6-f0f0-48ed-a81e-de3fff3769e7','ACCOUNTING_VIEW_TAX_REPORT','a29de04b-8668-4510-8107-13b7d5869736','a29de04b-8668-4510-8107-13b7d5869736',NULL,0,'2025-02-04 07:04:26','2025-02-04 07:04:26',NULL)
,('c7f94562-40df-4158-9247-51adfb53cd16','View Cash Bank Report',10,'7949e1b6-f0f0-48ed-a81e-de3fff3769e7','ACCOUNTING_VIEW_CASH_BANK_REPORT','a29de04b-8668-4510-8107-13b7d5869736','a29de04b-8668-4510-8107-13b7d5869736',NULL,0,'2025-02-04 07:04:26','2025-02-04 07:04:26',NULL)
,('349613c2-0586-4fd9-aea8-817dfb14ca69','View Balance Sheet Report',11,'7949e1b6-f0f0-48ed-a81e-de3fff3769e7','ACCOUNTING_VIEW_BALANCE_SHEET_REPORT','a29de04b-8668-4510-8107-13b7d5869736','a29de04b-8668-4510-8107-13b7d5869736',NULL,0,'2025-02-04 07:04:26','2025-02-04 07:04:26',NULL)
,('f459bf0c-d7c5-4fb4-8e15-b9e88d9737b3','View Account Balance Report',12,'7949e1b6-f0f0-48ed-a81e-de3fff3769e7','ACCOUNTING_VIEW_ACCOUNT_BALANCE_REPORT','a29de04b-8668-4510-8107-13b7d5869736','a29de04b-8668-4510-8107-13b7d5869736',NULL,0,'2025-02-04 07:04:26','2025-02-04 07:04:26',NULL)
,('2d94ca01-8016-4adc-ba28-dcad73937eab','View General Entru Report',13,'7949e1b6-f0f0-48ed-a81e-de3fff3769e7','ACCOUNTING_VIEW_GENERAL_ENTRY_REPORT','a29de04b-8668-4510-8107-13b7d5869736','a29de04b-8668-4510-8107-13b7d5869736',NULL,0,'2025-02-04 07:04:26','2025-02-04 07:04:26',NULL)
,('176b6411-1309-4aca-9dac-edff54e912ab','View Trail Balance Report',14,'7949e1b6-f0f0-48ed-a81e-de3fff3769e7','ACCOUNTING_VIEW_TRIAL_BALANCE_REPORT','a29de04b-8668-4510-8107-13b7d5869736','a29de04b-8668-4510-8107-13b7d5869736',NULL,0,'2025-02-04 07:04:26','2025-02-04 07:04:26',NULL)
,('5e61cd5e-1d58-4176-b183-f9ba25644e26','View Cash Flow Report',15,'7949e1b6-f0f0-48ed-a81e-de3fff3769e7','ACCOUNTING_VIEW_CASH_FLOW_REPORT','a29de04b-8668-4510-8107-13b7d5869736','a29de04b-8668-4510-8107-13b7d5869736',NULL,0,'2025-02-04 07:04:26','2025-02-04 07:04:26',NULL)
,('5098f729-ec05-44ee-81a4-074eaf86b723','Send Email',16,'7949e1b6-f0f0-48ed-a81e-de3fff3769e7','ACCOUNTING_SEND_EMAIL','a29de04b-8668-4510-8107-13b7d5869736','a29de04b-8668-4510-8107-13b7d5869736',NULL,0,'2025-02-04 07:04:26','2025-02-04 07:04:26',NULL)
,('614af23d-0d15-4eaa-b247-518ec431f81f','View Pay Rolls',1,'ba4fcf1c-4a07-4085-8b11-aa9d79898634','PAY_ROLL_VIEW_PAY_ROLLS','a29de04b-8668-4510-8107-13b7d5869736','a29de04b-8668-4510-8107-13b7d5869736',NULL,0,'2025-02-04 07:04:26','2025-02-04 07:04:26',NULL)
,('70f339b8-efba-4cff-8836-7ce4313a32a7','Manage Pay Roll',2,'ba4fcf1c-4a07-4085-8b11-aa9d79898634','PAY_ROLL_MANAGE_PAY_ROLL','a29de04b-8668-4510-8107-13b7d5869736','a29de04b-8668-4510-8107-13b7d5869736',NULL,0,'2025-02-04 07:04:26','2025-02-04 07:04:26',NULL)
,('9c5576ad-273e-4ea5-9e5b-7df4a6c49d2e','View Customer Ladgers',5,'586b3001-82fa-4409-822a-4d1cf9df1384','CUST_VIEW_CUSTOMER_LADGERS','a29de04b-8668-4510-8107-13b7d5869736','a29de04b-8668-4510-8107-13b7d5869736',NULL,0,'2025-02-04 07:04:26','2025-02-04 07:04:26',NULL)
,('9979144f-1fc4-4d47-9d87-fe027a41e348','Manage Customer Ladger',6,'586b3001-82fa-4409-822a-4d1cf9df1384','CUST_MANAGE_CUSTOMER_LADGER','a29de04b-8668-4510-8107-13b7d5869736','a29de04b-8668-4510-8107-13b7d5869736',NULL,0,'2025-02-04 07:04:26','2025-02-04 07:04:26',NULL)
,('27e59e8d-6222-4005-8375-f97145a4ad5d','View Customer Pending Payments',7,'586b3001-82fa-4409-822a-4d1cf9df1384','CUST_VIEW_CUSTOMER_PENDING_PAYMENTS','a29de04b-8668-4510-8107-13b7d5869736','a29de04b-8668-4510-8107-13b7d5869736',NULL,0,'2025-02-04 07:04:26','2025-02-04 07:04:26',NULL)
,('cdba7de6-7acb-4ff9-b514-da91cd429b61','View Book Close',14,'7949e1b6-f0f0-48ed-a81e-de3fff3769e7','ACCOUNTING_VIEW_BOOK_CLOSE','a29de04b-8668-4510-8107-13b7d5869736','a29de04b-8668-4510-8107-13b7d5869736',NULL,0,'2025-02-04 07:04:26','2025-02-04 07:04:26',NULL)
,('c701d220-8b63-4815-9277-4ceea706585a','View Loans',1,'7949e1b6-f0f0-48ed-a81e-de3fff3769e7','LOAN_VIEW_LOANS','a29de04b-8668-4510-8107-13b7d5869736','a29de04b-8668-4510-8107-13b7d5869736',NULL,0,'2025-02-04 07:04:26','2025-02-04 07:04:26',NULL)
,('0cba1b5c-01e8-490f-8342-62027b905f77','Manage Loan',2,'7949e1b6-f0f0-48ed-a81e-de3fff3769e7','LOAN_MANAGE_LOAN','a29de04b-8668-4510-8107-13b7d5869736','a29de04b-8668-4510-8107-13b7d5869736',NULL,0,'2025-02-04 07:04:26','2025-02-04 07:04:26',NULL)
,('92d708fd-2b28-4acd-8c43-cc4ec60f9929','Manage General Entry',17,'7949e1b6-f0f0-48ed-a81e-de3fff3769e7','ACCOUNTING_ADD_GENERAL_ENTRY','a29de04b-8668-4510-8107-13b7d5869736','a29de04b-8668-4510-8107-13b7d5869736',NULL,0,'2025-02-04 07:04:26','2025-02-04 07:04:26',NULL)
,('9e5c7204-3ffd-4f92-86fb-0ea09ecfba6f','Manage Ledger Account',18,'7949e1b6-f0f0-48ed-a81e-de3fff3769e7','ACCOUNTING_ADD_LEDGER_ACCOUNT','a29de04b-8668-4510-8107-13b7d5869736','a29de04b-8668-4510-8107-13b7d5869736',NULL,0,'2025-02-04 07:04:26','2025-02-04 07:04:26',NULL)
,('b38c4648-fc79-4052-80ce-c816bfa8f19d','Update Ledger Account',19,'7949e1b6-f0f0-48ed-a81e-de3fff3769e7','ACCOUNTING_UPDATE_LEDGER_ACCOUNT','a29de04b-8668-4510-8107-13b7d5869736','a29de04b-8668-4510-8107-13b7d5869736',NULL,0,'2025-02-04 07:04:26','2025-02-04 07:04:26',NULL);

INSERT INTO RoleClaims(ActionId,RoleId,ClaimType,ClaimValue) VALUES 
('3226d6f0-1289-41bb-b84e-ce3e3dd4394a','f8b6ace9-a625-4397-bdf8-f34060dbd8e4','ACCOUNTING_VIEW_LEDGER_ACCOUNTS','')
,('759fa7b1-a833-4751-927d-088e1884c05a','f8b6ace9-a625-4397-bdf8-f34060dbd8e4','ACCOUNTING_VIEW_FINANCIAL_YEARS','')
,('d378144a-624d-4ee9-8a2a-f09fae981cae','f8b6ace9-a625-4397-bdf8-f34060dbd8e4','ACCOUNTING_MANAGE_FINANCIAL_YEAR','')
,('102b3b88-f3eb-4ed9-84b1-42219b612448','f8b6ace9-a625-4397-bdf8-f34060dbd8e4','ACCOUNTING_VIEW_TRANSACTIONS','')
,('f13cd67a-54de-4d37-8ba0-88f0c24b0cfd','f8b6ace9-a625-4397-bdf8-f34060dbd8e4','ACCOUNTING_VIEW_PROFIT_LOSS_REPORT','')
,('624ffcea-7177-4576-a413-c9526e61b0d4','f8b6ace9-a625-4397-bdf8-f34060dbd8e4','ACCOUNTING_VIEW_TAX_REPORT','')
,('c7f94562-40df-4158-9247-51adfb53cd16','f8b6ace9-a625-4397-bdf8-f34060dbd8e4','ACCOUNTING_VIEW_CASH_BANK_REPORT','')
,('349613c2-0586-4fd9-aea8-817dfb14ca69','f8b6ace9-a625-4397-bdf8-f34060dbd8e4','ACCOUNTING_VIEW_BALANCE_SHEET_REPORT','')
,('f459bf0c-d7c5-4fb4-8e15-b9e88d9737b3','f8b6ace9-a625-4397-bdf8-f34060dbd8e4','ACCOUNTING_VIEW_ACCOUNT_BALANCE_REPORT','')
,('2d94ca01-8016-4adc-ba28-dcad73937eab','f8b6ace9-a625-4397-bdf8-f34060dbd8e4','ACCOUNTING_VIEW_GENERAL_ENTRY_REPORT','')
,('176b6411-1309-4aca-9dac-edff54e912ab','f8b6ace9-a625-4397-bdf8-f34060dbd8e4','ACCOUNTING_VIEW_TRIAL_BALANCE_REPORT','')
,('5e61cd5e-1d58-4176-b183-f9ba25644e26','f8b6ace9-a625-4397-bdf8-f34060dbd8e4','ACCOUNTING_VIEW_CASH_FLOW_REPORT','')
,('5098f729-ec05-44ee-81a4-074eaf86b723','f8b6ace9-a625-4397-bdf8-f34060dbd8e4','ACCOUNTING_SEND_EMAIL','')
,('614af23d-0d15-4eaa-b247-518ec431f81f','f8b6ace9-a625-4397-bdf8-f34060dbd8e4','PAY_ROLL_VIEW_PAY_ROLLS','')
,('70f339b8-efba-4cff-8836-7ce4313a32a7','f8b6ace9-a625-4397-bdf8-f34060dbd8e4','PAY_ROLL_MANAGE_PAY_ROLL','')
,('9c5576ad-273e-4ea5-9e5b-7df4a6c49d2e','f8b6ace9-a625-4397-bdf8-f34060dbd8e4','CUST_VIEW_CUSTOMER_LADGERS','')
,('9979144f-1fc4-4d47-9d87-fe027a41e348','f8b6ace9-a625-4397-bdf8-f34060dbd8e4','CUST_MANAGE_CUSTOMER_LADGER','')
,('27e59e8d-6222-4005-8375-f97145a4ad5d','f8b6ace9-a625-4397-bdf8-f34060dbd8e4','CUST_VIEW_CUSTOMER_PENDING_PAYMENTS','')
,('cdba7de6-7acb-4ff9-b514-da91cd429b61','f8b6ace9-a625-4397-bdf8-f34060dbd8e4','ACCOUNTING_VIEW_BOOK_CLOSE','')
,('c701d220-8b63-4815-9277-4ceea706585a','f8b6ace9-a625-4397-bdf8-f34060dbd8e4','LOAN_VIEW_LOANS','')
,('0cba1b5c-01e8-490f-8342-62027b905f77','f8b6ace9-a625-4397-bdf8-f34060dbd8e4','LOAN_MANAGE_LOAN','')
,('8a19c977-7e82-4ae7-bb04-38b3c5c19934','f8b6ace9-a625-4397-bdf8-f34060dbd8e4','MANAGE_OPENING_BALANCE','')
,('92d708fd-2b28-4acd-8c43-cc4ec60f9929','f8b6ace9-a625-4397-bdf8-f34060dbd8e4','ACCOUNTING_ADD_GENERAL_ENTRY','')
,('9e5c7204-3ffd-4f92-86fb-0ea09ecfba6f','f8b6ace9-a625-4397-bdf8-f34060dbd8e4','ACCOUNTING_ADD_LEDGER_ACCOUNT','')
,('b38c4648-fc79-4052-80ce-c816bfa8f19d','f8b6ace9-a625-4397-bdf8-f34060dbd8e4','ACCOUNTING_UPDATE_LEDGER_ACCOUNT','');

